grupo_etario,nome,identificador,idade_texto,data_nascimento,endereco,total_imunos,imunos_pendentes
Crianca,ANA VITORIA MATTOS GUEDES DE AGUIAR,187.593.756-04,5 anos e 6 meses e 5 dias,2021-03-31,"Área Lagoinha, S/N, FAZENDA IMBIRIÇU, ZONA RURAL",11,inativada poliomielite (R2) [Atrasada] | influenza trivalente (D1) [Atrasada] | influenza trivalente (D2) [Atrasada] | meningo ACWY (REF) [Atrasada] | pneumo 10 (DU) [Atrasada] | Pneumo 20 (DU) [Atrasada] | tetraviral (DU) [Atrasada] | tríplice viral (D2) [Atrasada] | febre amarela (DU) [No prazo] | influenza trivalente (DU) [No prazo] | varicela (D2) [No prazo]
Crianca,ANTHONY DIOGO SILVA GOMES,179.474.026-04,7 anos e 2 meses e 29 dias,2019-07-06,"Estrada Br 262, S/N, GRANJA VANELIA SIT. SAO RAFAEL, ZONA RURAL",38,BCG (DU) [Atrasada] | DTP (R1) [Atrasada] | DTP (R2) [Atrasada] | febre amarela (D) [Atrasada] | febre amarela (REF) [Atrasada] | hepatite A infantil (DU) [Atrasada] | hepatite B (D) [Atrasada] | inativada poliomielite (D1) [Atrasada] | inativada poliomielite (D2) [Atrasada] | inativada poliomielite (D3) [Atrasada] | inativada poliomielite (R1) [Atrasada] | inativada poliomielite (R2) [Atrasada] | influenza trivalente (D1) [Atrasada] | influenza trivalente (D2) [Atrasada] | meningo ACWY (REF) [Atrasada] | meningo C (D1) [Atrasada] | meningo C (D2) [Atrasada] | meningo C (REF) [Atrasada] | penta (DTP/HB/Hib) (D1) [Atrasada] | penta (DTP/HB/Hib) (D2) [Atrasada] | penta (DTP/HB/Hib) (D3) [Atrasada] | pneumo 10 (D1) [Atrasada] | pneumo 10 (D2) [Atrasada] | pneumo 10 (REF) [Atrasada] | pneumo 10 (DU) [Atrasada] | Pneumo 20 (D1) [Atrasada] | Pneumo 20 (D2) [Atrasada] | Pneumo 20 (DU) [Atrasada] | Pneumo 20 (REF) [Atrasada] | rotavírus (D1) [Atrasada] | rotavírus (D2) [Atrasada] | tetraviral (DU) [Atrasada] | tríplice viral (D1) [Atrasada] | tríplice viral (D2) [Atrasada] | varicela (D1) [Atrasada] | varicela (D2) [Atrasada] | febre amarela (DU) [No prazo] | influenza trivalente (DU) [No prazo]
Crianca,ARTHUR GABRIEL MOREIRA SOARES,008.156.366-36,2 anos e 5 meses e 11 dias,2024-04-24,"Estrada Br 262, S/N, CASA, ZONA RURAL",27,BCG (DU) [Atrasada] | DTP (R1) [Atrasada] | hepatite A infantil (DU) [Atrasada] | hepatite B (D) [Atrasada] | inativada poliomielite (D1) [Atrasada] | inativada poliomielite (D2) [Atrasada] | inativada poliomielite (D3) [Atrasada] | inativada poliomielite (R1) [Atrasada] | influenza trivalente (D2) [Atrasada] | meningo ACWY (REF) [Atrasada] | meningo C (D1) [Atrasada] | meningo C (D2) [Atrasada] | penta (DTP/HB/Hib) (D1) [Atrasada] | penta (DTP/HB/Hib) (D2) [Atrasada] | penta (DTP/HB/Hib) (D3) [Atrasada] | pneumo 10 (D1) [Atrasada] | pneumo 10 (D2) [Atrasada] | Pneumo 20 (D1) [Atrasada] | Pneumo 20 (D2) [Atrasada] | Pneumo 20 (DU) [Atrasada] | rotavírus (D1) [Atrasada] | rotavírus (D2) [Atrasada] | tetraviral (DU) [Atrasada] | tríplice viral (D2) [Atrasada] | varicela (D1) [Atrasada] | influenza trivalente (DU) [No prazo] | pneumo 10 (DU) [No prazo]
Crianca,ARTHUR SOUZA AMARAL,033.055.206-63,1 ano e 6 meses e 7 dias,2025-03-28,"Praça Jk, 327, CASA, CENTRO",15,DTP (R1) [Atrasada] | hepatite A infantil (DU) [Atrasada] | inativada poliomielite (R1) [Atrasada] | influenza trivalente (D1) [Atrasada] | influenza trivalente (D2) [Atrasada] | meningo ACWY (REF) [Atrasada] | meningo C (REF) [Atrasada] | pneumo 10 (REF) [Atrasada] | Pneumo 20 (DU) [Atrasada] | tetraviral (DU) [Atrasada] | tríplice viral (D2) [Atrasada] | varicela (D1) [Atrasada] | influenza trivalente (DU) [No prazo] | pneumo 10 (DU) [No prazo] | Pneumo 20 (REF) [No prazo]
Crianca,ARUNA VIANA ANDRADE AZEVEDO,160.739.336-06,9 anos e 7 meses e 23 dias,2017-02-12,"Área Jacaré, S/N, FAZENDA TEMPESTADE, ZONA RURAL",37,BCG (DU) [Atrasada] | DTP (R1) [Atrasada] | DTP (R2) [Atrasada] | febre amarela (D) [Atrasada] | febre amarela (REF) [Atrasada] | hepatite A infantil (DU) [Atrasada] | hepatite B (D) [Atrasada] | inativada poliomielite (D1) [Atrasada] | inativada poliomielite (D2) [Atrasada] | inativada poliomielite (D3) [Atrasada] | inativada poliomielite (R1) [Atrasada] | inativada poliomielite (R2) [Atrasada] | influenza trivalente (D1) [Atrasada] | influenza trivalente (D2) [Atrasada] | meningo ACWY (REF) [Atrasada] | meningo C (D1) [Atrasada] | meningo C (D2) [Atrasada] | meningo C (REF) [Atrasada] | penta (DTP/HB/Hib) (D1) [Atrasada] | penta (DTP/HB/Hib) (D2) [Atrasada] | penta (DTP/HB/Hib) (D3) [Atrasada] | pneumo 10 (D1) [Atrasada] | pneumo 10 (D2) [Atrasada] | pneumo 10 (REF) [Atrasada] | pneumo 10 (DU) [Atrasada] | Pneumo 20 (D1) [Atrasada] | Pneumo 20 (D2) [Atrasada] | Pneumo 20 (DU) [Atrasada] | Pneumo 20 (REF) [Atrasada] | rotavírus (D1) [Atrasada] | rotavírus (D2) [Atrasada] | tetraviral (DU) [Atrasada] | tríplice viral (D1) [Atrasada] | tríplice viral (D2) [Atrasada] | varicela (D1) [Atrasada] | varicela (D2) [Atrasada] | febre amarela (DU) [No prazo]
Crianca,AYANNA VIANA ANDRADE AZEVEDO,196.280.366-02,3 anos e 1 mês e 20 dias,2023-08-15,"Área Jacaré, S/N, FAZENDA TEMPESTADE, ZONA RURAL",7,influenza trivalente (D1) [Atrasada] | influenza trivalente (D2) [Atrasada] | meningo ACWY (REF) [Atrasada] | meningo C (REF) [Atrasada] | Pneumo 20 (DU) [Atrasada] | varicela (D1) [Atrasada] | pneumo 10 (DU) [No prazo]
Crianca,AYLA EMANUELY NUNES ALVES,010.303.386-63,2 anos e 1 mês e 10 dias,2024-08-25,"Praça Jk, 42, APARTAMENTO 102, CENTRO",24,BCG (DU) [Atrasada] | DTP (R1) [Atrasada] | hepatite A infantil (DU) [Atrasada] | hepatite B (D) [Atrasada] | inativada poliomielite (D1) [Atrasada] | inativada poliomielite (R1) [Atrasada] | influenza trivalente (D1) [Atrasada] | influenza trivalente (D2) [Atrasada] | meningo ACWY (REF) [Atrasada] | meningo C (D1) [Atrasada] | meningo C (REF) [Atrasada] | penta (DTP/HB/Hib) (D1) [Atrasada] | pneumo 10 (D1) [Atrasada] | pneumo 10 (REF) [Atrasada] | Pneumo 20 (D1) [Atrasada] | Pneumo 20 (DU) [Atrasada] | rotavírus (D1) [Atrasada] | tetraviral (DU) [Atrasada] | tríplice viral (D1) [Atrasada] | tríplice viral (D2) [Atrasada] | varicela (D1) [Atrasada] | influenza trivalente (DU) [No prazo] | pneumo 10 (DU) [No prazo] | Pneumo 20 (REF) [No prazo]
Crianca,BEATRIZ EMANUELLY SOARES SANTOS,181.744.406-90,6 anos e 9 meses e 28 dias,2019-12-07,"Área Moinhos, S/N, GRANJA MARILIA, ZONA RURAL",8,influenza trivalente (D2) [Atrasada] | meningo ACWY (REF) [Atrasada] | pneumo 10 (DU) [Atrasada] | Pneumo 20 (DU) [Atrasada] | tetraviral (DU) [Atrasada] | febre amarela (DU) [No prazo] | influenza trivalente (DU) [No prazo] | varicela (D2) [No prazo]
Crianca,BEATRIZ PEREIRA SANTOS,195.630.266-24,9 anos e 16 dias,2017-09-19,"Área Maias, S/N, FAZENDA SOL NASCENTE, ZONA RURAL",9,inativada poliomielite (R1) [Atrasada] | influenza trivalente (D1) [Atrasada] | influenza trivalente (D2) [Atrasada] | meningo ACWY (REF) [Atrasada] | pneumo 10 (DU) [Atrasada] | Pneumo 20 (DU) [Atrasada] | tríplice viral (D2) [Atrasada] | varicela (D1) [Atrasada] | febre amarela (DU) [No prazo]
Crianca,BENICIO RAFAEL RESENDE FREITAS,177.857.976-09,7 anos e 5 meses e 17 dias,2019-04-18,"2ª Rua Lagoinha, 95, CASA, ZONA RURAL",14,hepatite B (D) [Atrasada] | inativada poliomielite (D2) [Atrasada] | influenza trivalente (D1) [Atrasada] | influenza trivalente (D2) [Atrasada] | meningo ACWY (REF) [Atrasada] | penta (DTP/HB/Hib) (D2) [Atrasada] | pneumo 10 (D2) [Atrasada] | pneumo 10 (DU) [Atrasada] | Pneumo 20 (D2) [Atrasada] | Pneumo 20 (DU) [Atrasada] | rotavírus (D2) [Atrasada] | tetraviral (DU) [Atrasada] | febre amarela (DU) [No prazo] | influenza trivalente (DU) [No prazo]
Crianca,DAVI LUIZ SANTOS,184.559.976-48,6 anos e 3 meses e 18 dias,2020-06-17,"Rua Esmeralda, 142, CASA FUNDOS 01, BONFIM",2,meningo ACWY (REF) [Atrasada] | febre amarela (DU) [No prazo]
Crianca,ELIZABETH FLORA JARDIM ROCHA,034.983.876-34,1 ano e 6 meses e 20 dias,2025-03-15,"Praça Jk, 36, CASA B - FUNDOS, CENTRO",5,meningo C (REF) [Atrasada] | Pneumo 20 (DU) [Atrasada] | tetraviral (DU) [Atrasada] | influenza trivalente (DU) [No prazo] | pneumo 10 (DU) [No prazo]
Crianca,ENRICO OLIVEIRA AVELAR,190.470.196-52,4 anos e 9 meses e 7 dias,2021-12-28,"Rua Esmeralda, 218, BONFIM",34,BCG (DU) [Atrasada] | DTP (R1) [Atrasada] | hepatite B (D) [Atrasada] | inativada poliomielite (D1) [Atrasada] | inativada poliomielite (D2) [Atrasada] | inativada poliomielite (D3) [Atrasada] | inativada poliomielite (R1) [Atrasada] | influenza trivalente (D1) [Atrasada] | influenza trivalente (D2) [Atrasada] | meningo ACWY (REF) [Atrasada] | meningo C (D1) [Atrasada] | meningo C (D2) [Atrasada] | meningo C (REF) [Atrasada] | penta (DTP/HB/Hib) (D1) [Atrasada] | penta (DTP/HB/Hib) (D2) [Atrasada] | penta (DTP/HB/Hib) (D3) [Atrasada] | pneumo 10 (D1) [Atrasada] | pneumo 10 (D2) [Atrasada] | pneumo 10 (REF) [Atrasada] | Pneumo 20 (D1) [Atrasada] | Pneumo 20 (D2) [Atrasada] | Pneumo 20 (DU) [Atrasada] | Pneumo 20 (REF) [Atrasada] | rotavírus (D1) [Atrasada] | rotavírus (D2) [Atrasada] | tetraviral (DU) [Atrasada] | tríplice viral (D1) [Atrasada] | tríplice viral (D2) [Atrasada] | varicela (D1) [Atrasada] | DTP (R2) [No prazo] | febre amarela (REF) [No prazo] | inativada poliomielite (R2) [No prazo] | pneumo 10 (DU) [No prazo] | varicela (D2) [No prazo]
Crianca,ENZO MIGUELL FERREIRA DINIS,185.601.666-88,6 anos e 1 mês e 14 dias,2020-08-21,"Praça Jk, 393, CASA 07, CENTRO",38,BCG (DU) [Atrasada] | DTP (R1) [Atrasada] | DTP (R2) [Atrasada] | febre amarela (D) [Atrasada] | febre amarela (REF) [Atrasada] | hepatite A infantil (DU) [Atrasada] | hepatite B (D) [Atrasada] | inativada poliomielite (D1) [Atrasada] | inativada poliomielite (D2) [Atrasada] | inativada poliomielite (D3) [Atrasada] | inativada poliomielite (R1) [Atrasada] | inativada poliomielite (R2) [Atrasada] | influenza trivalente (D1) [Atrasada] | influenza trivalente (D2) [Atrasada] | meningo ACWY (REF) [Atrasada] | meningo C (D1) [Atrasada] | meningo C (D2) [Atrasada] | meningo C (REF) [Atrasada] | penta (DTP/HB/Hib) (D1) [Atrasada] | penta (DTP/HB/Hib) (D2) [Atrasada] | penta (DTP/HB/Hib) (D3) [Atrasada] | pneumo 10 (D1) [Atrasada] | pneumo 10 (D2) [Atrasada] | pneumo 10 (REF) [Atrasada] | pneumo 10 (DU) [Atrasada] | Pneumo 20 (D1) [Atrasada] | Pneumo 20 (D2) [Atrasada] | Pneumo 20 (DU) [Atrasada] | Pneumo 20 (REF) [Atrasada] | rotavírus (D1) [Atrasada] | rotavírus (D2) [Atrasada] | tetraviral (DU) [Atrasada] | tríplice viral (D1) [Atrasada] | tríplice viral (D2) [Atrasada] | varicela (D1) [Atrasada] | febre amarela (DU) [No prazo] | influenza trivalente (DU) [No prazo] | varicela (D2) [No prazo]
Crianca,GAEL FELIPE ALVES MAGALHAES,182.241.656-63,6 anos e 8 meses e 21 dias,2020-01-14,"Rua Primeiro de Janeiro, 77, CASA, CENTRO",8,influenza trivalente (D1) [Atrasada] | influenza trivalente (D2) [Atrasada] | meningo ACWY (REF) [Atrasada] | pneumo 10 (DU) [Atrasada] | Pneumo 20 (DU) [Atrasada] | tetraviral (DU) [Atrasada] | tríplice viral (D2) [Atrasada] | febre amarela (DU) [No prazo]
Crianca,GAELL BERNARDO RODRIGUES SANTOS,002.152.486-60,2 anos e 10 meses e 21 dias,2023-11-14,"Área Venancios, S/N, FAZENDA MURO DE PEDRA, ZONA RURAL",10,inativada poliomielite (D3) [Atrasada] | influenza trivalente (D1) [Atrasada] | influenza trivalente (D2) [Atrasada] | meningo ACWY (REF) [Atrasada] | meningo C (REF) [Atrasada] | penta (DTP/HB/Hib) (D3) [Atrasada] | Pneumo 20 (DU) [Atrasada] | varicela (D1) [Atrasada] | influenza trivalente (DU) [No prazo] | pneumo 10 (DU) [No prazo]
Crianca,GAEL TEIXEIRA SILVA,188.793.536-32,5 anos e 2 meses e 10 dias,2021-07-25,"Rua das Dores, 82, BONFIM",10,febre amarela (REF) [Atrasada] | inativada poliomielite (R2) [Atrasada] | meningo ACWY (REF) [Atrasada] | pneumo 10 (DU) [Atrasada] | Pneumo 20 (DU) [Atrasada] | tetraviral (DU) [Atrasada] | tríplice viral (D2) [Atrasada] | febre amarela (DU) [No prazo] | influenza trivalente (DU) [No prazo] | varicela (D2) [No prazo]
Crianca,GEOVANA BORGES DE QUEIROZ,178.235.536-78,7 anos e 5 meses e 2 dias,2019-05-03,"Área Moinhos, S/N, CONDOMINIO, ZONA RURAL",19,BCG (DU) [Atrasada] | hepatite B (D) [Atrasada] | inativada poliomielite (D1) [Atrasada] | inativada poliomielite (D2) [Atrasada] | inativada poliomielite (D3) [Atrasada] | influenza trivalente (D1) [Atrasada] | influenza trivalente (D2) [Atrasada] | meningo ACWY (REF) [Atrasada] | penta (DTP/HB/Hib) (D1) [Atrasada] | penta (DTP/HB/Hib) (D2) [Atrasada] | penta (DTP/HB/Hib) (D3) [Atrasada] | pneumo 10 (D1) [Atrasada] | pneumo 10 (DU) [Atrasada] | Pneumo 20 (D1) [Atrasada] | Pneumo 20 (DU) [Atrasada] | rotavírus (D1) [Atrasada] | tetraviral (DU) [Atrasada] | varicela (D2) [Atrasada] | febre amarela (DU) [No prazo]
Crianca,GEOVANA PEREIRA DIAS,177.163.426-06,7 anos e 6 meses e 17 dias,2019-03-18,"Fazenda Porto da Ripa, S/N, FAZENDA PORTO DA RIPA, ZONA RURAL",33,BCG (DU) [Atrasada] | febre amarela (D) [Atrasada] | hepatite A infantil (DU) [Atrasada] | hepatite B (D) [Atrasada] | inativada poliomielite (D1) [Atrasada] | inativada poliomielite (D2) [Atrasada] | inativada poliomielite (D3) [Atrasada] | inativada poliomielite (R1) [Atrasada] | influenza trivalente (D1) [Atrasada] | influenza trivalente (D2) [Atrasada] | meningo ACWY (REF) [Atrasada] | meningo C (D1) [Atrasada] | meningo C (D2) [Atrasada] | meningo C (REF) [Atrasada] | penta (DTP/HB/Hib) (D1) [Atrasada] | penta (DTP/HB/Hib) (D2) [Atrasada] | penta (DTP/HB/Hib) (D3) [Atrasada] | pneumo 10 (D1) [Atrasada] | pneumo 10 (D2) [Atrasada] | pneumo 10 (REF) [Atrasada] | pneumo 10 (DU) [Atrasada] | Pneumo 20 (D1) [Atrasada] | Pneumo 20 (D2) [Atrasada] | Pneumo 20 (DU) [Atrasada] | Pneumo 20 (REF) [Atrasada] | rotavírus (D1) [Atrasada] | rotavírus (D2) [Atrasada] | tetraviral (DU) [Atrasada] | tríplice viral (D1) [Atrasada] | tríplice viral (D2) [Atrasada] | varicela (D1) [Atrasada] | febre amarela (DU) [No prazo] | influenza trivalente (DU) [No prazo]
Crianca,GUSTAVO SOUZA AMARAL,186.431.576-86,5 anos e 9 meses e 22 dias,2020-12-13,"Praça Jk, 327, CASA, CENTRO",36,DTP (R1) [Atrasada] | DTP (R2) [Atrasada] | febre amarela (D) [Atrasada] | febre amarela (REF) [Atrasada] | hepatite A infantil (DU) [Atrasada] | inativada poliomielite (D1) [Atrasada] | inativada poliomielite (D2) [Atrasada] | inativada poliomielite (D3) [Atrasada] | inativada poliomielite (R1) [Atrasada] | inativada poliomielite (R2) [Atrasada] | influenza trivalente (D1) [Atrasada] | influenza trivalente (D2) [Atrasada] | meningo ACWY (REF) [Atrasada] | meningo C (D1) [Atrasada] | meningo C (D2) [Atrasada] | meningo C (REF) [Atrasada] | penta (DTP/HB/Hib) (D1) [Atrasada] | penta (DTP/HB/Hib) (D2) [Atrasada] | penta (DTP/HB/Hib) (D3) [Atrasada] | pneumo 10 (D1) [Atrasada] | pneumo 10 (D2) [Atrasada] | pneumo 10 (REF) [Atrasada] | pneumo 10 (DU) [Atrasada] | Pneumo 20 (D1) [Atrasada] | Pneumo 20 (D2) [Atrasada] | Pneumo 20 (DU) [Atrasada] | Pneumo 20 (REF) [Atrasada] | rotavírus (D1) [Atrasada] | rotavírus (D2) [Atrasada] | tetraviral (DU) [Atrasada] | tríplice viral (D1) [Atrasada] | tríplice viral (D2) [Atrasada] | varicela (D1) [Atrasada] | febre amarela (DU) [No prazo] | influenza trivalente (DU) [No prazo] | varicela (D2) [No prazo]
Crianca,HEITOR HENRIQUE ALMEIDA MARTINS,176.550.636-05,7 anos e 7 meses e 15 dias,2019-02-20,"Área Moinhos, S/N, ZONA RURAL",20,febre amarela (D) [Atrasada] | inativada poliomielite (D2) [Atrasada] | inativada poliomielite (R1) [Atrasada] | influenza trivalente (D1) [Atrasada] | influenza trivalente (D2) [Atrasada] | meningo ACWY (REF) [Atrasada] | meningo C (D2) [Atrasada] | meningo C (REF) [Atrasada] | penta (DTP/HB/Hib) (D2) [Atrasada] | penta (DTP/HB/Hib) (D3) [Atrasada] | pneumo 10 (D2) [Atrasada] | pneumo 10 (REF) [Atrasada] | pneumo 10 (DU) [Atrasada] | Pneumo 20 (D2) [Atrasada] | Pneumo 20 (DU) [Atrasada] | Pneumo 20 (REF) [Atrasada] | rotavírus (D2) [Atrasada] | tetraviral (DU) [Atrasada] | tríplice viral (D1) [Atrasada] | febre amarela (DU) [No prazo]
Crianca,HEITOR OLIVEIRA AVELAR,182.093.846-86,6 anos e 9 meses,2020-01-05,"Rua Esmeralda, 218, BONFIM",31,BCG (DU) [Atrasada] | DTP (R1) [Atrasada] | DTP (R2) [Atrasada] | hepatite A infantil (DU) [Atrasada] | hepatite B (D) [Atrasada] | inativada poliomielite (D2) [Atrasada] | inativada poliomielite (D3) [Atrasada] | inativada poliomielite (R1) [Atrasada] | inativada poliomielite (R2) [Atrasada] | influenza trivalente (D1) [Atrasada] | meningo ACWY (REF) [Atrasada] | meningo C (D1) [Atrasada] | meningo C (D2) [Atrasada] | meningo C (REF) [Atrasada] | penta (DTP/HB/Hib) (D2) [Atrasada] | penta (DTP/HB/Hib) (D3) [Atrasada] | pneumo 10 (D1) [Atrasada] | pneumo 10 (D2) [Atrasada] | pneumo 10 (REF) [Atrasada] | pneumo 10 (DU) [Atrasada] | Pneumo 20 (D1) [Atrasada] | Pneumo 20 (D2) [Atrasada] | Pneumo 20 (DU) [Atrasada] | Pneumo 20 (REF) [Atrasada] | rotavírus (D2) [Atrasada] | tetraviral (DU) [Atrasada] | tríplice viral (D1) [Atrasada] | tríplice viral (D2) [Atrasada] | varicela (D1) [Atrasada] | febre amarela (DU) [No prazo] | varicela (D2) [No prazo]
Crianca,HELENA MONTEIRO GOMES,085.367.676-34,7 meses e 3 dias,2026-03-02,"Fazenda Porto da Ripa, S/N, FAZENDA PORTO DA RIPA, ZONA RURAL",19,BCG (DU) [Atrasada] | hepatite B (D) [Atrasada] | inativada poliomielite (D1) [Atrasada] | inativada poliomielite (D2) [Atrasada] | inativada poliomielite (D3) [Atrasada] | influenza trivalente (D1) [Atrasada] | meningo C (D1) [Atrasada] | meningo C (D2) [Atrasada] | penta (DTP/HB/Hib) (D1) [Atrasada] | penta (DTP/HB/Hib) (D2) [Atrasada] | penta (DTP/HB/Hib) (D3) [Atrasada] | pneumo 10 (D1) [Atrasada] | pneumo 10 (D2) [Atrasada] | Pneumo 20 (D1) [Atrasada] | Pneumo 20 (D2) [Atrasada] | rotavírus (D1) [Atrasada] | rotavírus (D2) [Atrasada] | influenza trivalente (D2) [No prazo] | influenza trivalente (DU) [No prazo]
Crianca,HELENA PEREIRA DA SILVA MOTA GOMES,053.638.456-87,1 ano e 1 mês e 14 dias,2025-08-21,"Rua 7 de Setembro, 153, CENTRO",4,meningo C (REF) [Atrasada] | pneumo 10 (REF) [Atrasada] | influenza trivalente (DU) [No prazo] | Pneumo 20 (REF) [No prazo]
Crianca,ISAAC SIQUEIRA LIMA,169.069.976-02,8 anos e 6 meses e 17 dias,2018-03-18,"Praça Jk, 42, APARTAMENTO 103, CENTRO",8,febre amarela (D) [Atrasada] | influenza trivalente (D1) [Atrasada] | influenza trivalente (D2) [Atrasada] | meningo ACWY (REF) [Atrasada] | pneumo 10 (DU) [Atrasada] | Pneumo 20 (DU) [Atrasada] | tetraviral (DU) [Atrasada] | tríplice viral (D2) [Atrasada]
Crianca,JOAO MIGUEL MEIRELES ROCHA,180.294.906-23,7 anos e 1 mês,2019-09-05,"3ª Rua Lagoinha, 28, 3ª CASA, ZONA RURAL",8,febre amarela (REF) [Atrasada] | influenza trivalente (D1) [Atrasada] | influenza trivalente (D2) [Atrasada] | meningo ACWY (REF) [Atrasada] | pneumo 10 (DU) [Atrasada] | Pneumo 20 (DU) [Atrasada] | tetraviral (DU) [Atrasada] | febre amarela (DU) [No prazo]
Crianca,JOAO PAULO PEREIRA DIAS,186.804.076-31,5 anos e 8 meses e 17 dias,2021-01-18,"Fazenda Porto da Ripa, S/N, FAZENDA PORTO DA RIPA, ZONA RURAL",16,inativada poliomielite (D2) [Atrasada] | inativada poliomielite (R2) [Atrasada] | influenza trivalente (D1) [Atrasada] | influenza trivalente (D2) [Atrasada] | meningo ACWY (REF) [Atrasada] | meningo C (D2) [Atrasada] | penta (DTP/HB/Hib) (D2) [Atrasada] | pneumo 10 (D1) [Atrasada] | pneumo 10 (DU) [Atrasada] | Pneumo 20 (D1) [Atrasada] | Pneumo 20 (DU) [Atrasada] | rotavírus (D1) [Atrasada] | tríplice viral (D2) [Atrasada] | febre amarela (DU) [No prazo] | influenza trivalente (DU) [No prazo] | varicela (D2) [No prazo]
Crianca,JOSUE PEREIRA SANTOS,195.180.356-60,3 anos e 5 meses e 19 dias,2023-04-16,"Área Maias, S/N, FAZENDA SOL NASCENTE, ZONA RURAL",6,influenza trivalente (D1) [Atrasada] | influenza trivalente (D2) [Atrasada] | meningo ACWY (REF) [Atrasada] | Pneumo 20 (DU) [Atrasada] | varicela (D1) [Atrasada] | pneumo 10 (DU) [No prazo]
Crianca,LAILA VALENTINA CRUZ DE SOUZA,083.708.062-28,7 anos e 4 meses e 20 dias,2019-05-15,"Área Moinhos, S/N, GRANJA FRANGO FERREIRA, ZONA RURAL",38,BCG (DU) [Atrasada] | DTP (R1) [Atrasada] | DTP (R2) [Atrasada] | febre amarela (D) [Atrasada] | febre amarela (REF) [Atrasada] | hepatite A infantil (DU) [Atrasada] | hepatite B (D) [Atrasada] | inativada poliomielite (D1) [Atrasada] | inativada poliomielite (D2) [Atrasada] | inativada poliomielite (D3) [Atrasada] | inativada poliomielite (R1) [Atrasada] | inativada poliomielite (R2) [Atrasada] | influenza trivalente (D1) [Atrasada] | influenza trivalente (D2) [Atrasada] | meningo ACWY (REF) [Atrasada] | meningo C (D1) [Atrasada] | meningo C (D2) [Atrasada] | meningo C (REF) [Atrasada] | penta (DTP/HB/Hib) (D1) [Atrasada] | penta (DTP/HB/Hib) (D2) [Atrasada] | penta (DTP/HB/Hib) (D3) [Atrasada] | pneumo 10 (D1) [Atrasada] | pneumo 10 (D2) [Atrasada] | pneumo 10 (REF) [Atrasada] | pneumo 10 (DU) [Atrasada] | Pneumo 20 (D1) [Atrasada] | Pneumo 20 (D2) [Atrasada] | Pneumo 20 (DU) [Atrasada] | Pneumo 20 (REF) [Atrasada] | rotavírus (D1) [Atrasada] | rotavírus (D2) [Atrasada] | tetraviral (DU) [Atrasada] | tríplice viral (D1) [Atrasada] | tríplice viral (D2) [Atrasada] | varicela (D1) [Atrasada] | varicela (D2) [Atrasada] | febre amarela (DU) [No prazo] | influenza trivalente (DU) [No prazo]
Crianca,LAURA VITORIA DUARTE MACHADO,179.990.396-67,7 anos e 2 meses e 6 dias,2019-07-29,"Rua Primeiro de Janeiro, 40, APARTAMENTO 402, CENTRO",19,BCG (DU) [Atrasada] | hepatite B (D) [Atrasada] | inativada poliomielite (D1) [Atrasada] | inativada poliomielite (D2) [Atrasada] | inativada poliomielite (R2) [Atrasada] | meningo ACWY (REF) [Atrasada] | meningo C (D1) [Atrasada] | pneumo 10 (D1) [Atrasada] | pneumo 10 (D2) [Atrasada] | pneumo 10 (DU) [Atrasada] | Pneumo 20 (D1) [Atrasada] | Pneumo 20 (D2) [Atrasada] | Pneumo 20 (DU) [Atrasada] | rotavírus (D1) [Atrasada] | rotavírus (D2) [Atrasada] | tetraviral (DU) [Atrasada] | varicela (D2) [Atrasada] | febre amarela (DU) [No prazo] | influenza trivalente (DU) [No prazo]
Crianca,LAVINIA EDUARDA RODRIGUES PEREIRA,182.299.916-26,6 anos e 8 meses e 22 dias,2020-01-13,"Área Curral, S/N, FAZENDA J3, ZONA RURAL",13,BCG (DU) [Atrasada] | DTP (R2) [Atrasada] | hepatite B (D) [Atrasada] | inativada poliomielite (R2) [Atrasada] | influenza trivalente (D1) [Atrasada] | influenza trivalente (D2) [Atrasada] | meningo ACWY (REF) [Atrasada] | pneumo 10 (DU) [Atrasada] | Pneumo 20 (DU) [Atrasada] | tríplice viral (D2) [Atrasada] | febre amarela (DU) [No prazo] | influenza trivalente (DU) [No prazo] | varicela (D2) [No prazo]
Crianca,LEONARDO AMARAL MELO,175.197.686-60,7 anos e 9 meses e 18 dias,2018-12-17,"Rua Primeiro de Janeiro, 93, CASA, CENTRO",9,BCG (DU) [Atrasada] | febre amarela (D) [Atrasada] | hepatite B (D) [Atrasada] | influenza trivalente (D1) [Atrasada] | influenza trivalente (D2) [Atrasada] | meningo ACWY (REF) [Atrasada] | pneumo 10 (DU) [Atrasada] | Pneumo 20 (DU) [Atrasada] | tetraviral (DU) [Atrasada]
Crianca,LEVI MATHEUS DA SILVA,177.909.314-40,5 anos e 1 mês e 22 dias,2021-08-13,"Área Moinhos, S/N, SITIO VERA CRUZ, ZONA RURAL",38,BCG (DU) [Atrasada] | DTP (R1) [Atrasada] | DTP (R2) [Atrasada] | febre amarela (D) [Atrasada] | febre amarela (REF) [Atrasada] | hepatite A infantil (DU) [Atrasada] | hepatite B (D) [Atrasada] | inativada poliomielite (D1) [Atrasada] | inativada poliomielite (D2) [Atrasada] | inativada poliomielite (D3) [Atrasada] | inativada poliomielite (R1) [Atrasada] | inativada poliomielite (R2) [Atrasada] | influenza trivalente (D1) [Atrasada] | influenza trivalente (D2) [Atrasada] | meningo ACWY (REF) [Atrasada] | meningo C (D1) [Atrasada] | meningo C (D2) [Atrasada] | meningo C (REF) [Atrasada] | penta (DTP/HB/Hib) (D1) [Atrasada] | penta (DTP/HB/Hib) (D2) [Atrasada] | penta (DTP/HB/Hib) (D3) [Atrasada] | pneumo 10 (D1) [Atrasada] | pneumo 10 (D2) [Atrasada] | pneumo 10 (REF) [Atrasada] | pneumo 10 (DU) [Atrasada] | Pneumo 20 (D1) [Atrasada] | Pneumo 20 (D2) [Atrasada] | Pneumo 20 (DU) [Atrasada] | Pneumo 20 (REF) [Atrasada] | rotavírus (D1) [Atrasada] | rotavírus (D2) [Atrasada] | tetraviral (DU) [Atrasada] | tríplice viral (D1) [Atrasada] | tríplice viral (D2) [Atrasada] | varicela (D1) [Atrasada] | febre amarela (DU) [No prazo] | influenza trivalente (DU) [No prazo] | varicela (D2) [No prazo]
Crianca,LIZ ARAUJO DE ALMEIDA,036.810.617-93,1 ano e 7 meses e 24 dias,2025-02-11,"Área Maias, S/N, FAZENDA SOL NASCENTE, ZONA RURAL",7,hepatite A infantil (DU) [Atrasada] | influenza trivalente (D1) [Atrasada] | influenza trivalente (D2) [Atrasada] | meningo C (REF) [Atrasada] | Pneumo 20 (DU) [Atrasada] | tetraviral (DU) [Atrasada] | pneumo 10 (DU) [No prazo]
Crianca,LIZ OLIVEIRA GARCIA,196.030.166-75,3 anos e 2 meses e 17 dias,2023-07-18,"Rua das Dores, 68, CASA, BONFIM",8,influenza trivalente (D1) [Atrasada] | influenza trivalente (D2) [Atrasada] | meningo ACWY (REF) [Atrasada] | meningo C (REF) [Atrasada] | Pneumo 20 (DU) [Atrasada] | varicela (D1) [Atrasada] | influenza trivalente (DU) [No prazo] | pneumo 10 (DU) [No prazo]
Crianca,LOREN EMANUELLY DIAS GOMES,010.789.396-75,2 anos e 1 mês,2024-09-05,"Praça Jk, 393, CASA 06, CENTRO",9,influenza trivalente (D1) [Atrasada] | influenza trivalente (D2) [Atrasada] | meningo C (D1) [Atrasada] | meningo C (REF) [Atrasada] | Pneumo 20 (DU) [Atrasada] | rotavírus (D2) [Atrasada] | tetraviral (DU) [Atrasada] | influenza trivalente (DU) [No prazo] | pneumo 10 (DU) [No prazo]
Crianca,LOURENZO MIGUEL DA SILVA MOREIRA,171.463.816-25,8 anos e 3 meses e 10 dias,2018-06-25,"Praça Jk, 393, CASA 04, CENTRO",34,BCG (DU) [Atrasada] | DTP (R1) [Atrasada] | DTP (R2) [Atrasada] | febre amarela (D) [Atrasada] | febre amarela (REF) [Atrasada] | hepatite A infantil (DU) [Atrasada] | hepatite B (D) [Atrasada] | inativada poliomielite (D2) [Atrasada] | inativada poliomielite (D3) [Atrasada] | inativada poliomielite (R1) [Atrasada] | inativada poliomielite (R2) [Atrasada] | influenza trivalente (D1) [Atrasada] | influenza trivalente (D2) [Atrasada] | meningo ACWY (REF) [Atrasada] | meningo C (D1) [Atrasada] | meningo C (D2) [Atrasada] | meningo C (REF) [Atrasada] | penta (DTP/HB/Hib) (D1) [Atrasada] | penta (DTP/HB/Hib) (D2) [Atrasada] | penta (DTP/HB/Hib) (D3) [Atrasada] | pneumo 10 (D2) [Atrasada] | pneumo 10 (REF) [Atrasada] | pneumo 10 (DU) [Atrasada] | Pneumo 20 (D2) [Atrasada] | Pneumo 20 (DU) [Atrasada] | Pneumo 20 (REF) [Atrasada] | rotavírus (D2) [Atrasada] | tetraviral (DU) [Atrasada] | tríplice viral (D1) [Atrasada] | tríplice viral (D2) [Atrasada] | varicela (D1) [Atrasada] | varicela (D2) [Atrasada] | febre amarela (DU) [No prazo] | influenza trivalente (DU) [No prazo]
Crianca,LUIZA DOS ANJOS DA SILVA SANTOS,173.706.836-21,7 anos e 11 meses e 27 dias,2018-10-08,"Área Jacaré, S/N, FAZENDA BOA ESPERANCA, ZONA RURAL",7,febre amarela (D) [Atrasada] | influenza trivalente (D1) [Atrasada] | influenza trivalente (D2) [Atrasada] | meningo ACWY (REF) [Atrasada] | pneumo 10 (DU) [Atrasada] | Pneumo 20 (DU) [Atrasada] | tríplice viral (D2) [Atrasada]
Crianca,LUIZ FERNANDO SOARES MARTINS,009.865.086-67,2 anos e 2 meses e 16 dias,2024-07-19,"Área Moinhos, S/N, ZONA RURAL",14,DTP (R1) [Atrasada] | inativada poliomielite (D2) [Atrasada] | meningo ACWY (REF) [Atrasada] | meningo C (D1) [Atrasada] | meningo C (D2) [Atrasada] | meningo C (REF) [Atrasada] | penta (DTP/HB/Hib) (D2) [Atrasada] | pneumo 10 (D2) [Atrasada] | Pneumo 20 (D2) [Atrasada] | Pneumo 20 (DU) [Atrasada] | rotavírus (D2) [Atrasada] | tetraviral (DU) [Atrasada] | influenza trivalente (DU) [No prazo] | pneumo 10 (DU) [No prazo]
Crianca,LUNA EMANUELLY FERREIRA,171.699.216-85,8 anos e 3 meses e 1 dia,2018-07-04,"Praça Jk, 393, CASA 07, CENTRO",38,BCG (DU) [Atrasada] | DTP (R1) [Atrasada] | DTP (R2) [Atrasada] | febre amarela (D) [Atrasada] | febre amarela (REF) [Atrasada] | hepatite A infantil (DU) [Atrasada] | hepatite B (D) [Atrasada] | inativada poliomielite (D1) [Atrasada] | inativada poliomielite (D2) [Atrasada] | inativada poliomielite (D3) [Atrasada] | inativada poliomielite (R1) [Atrasada] | inativada poliomielite (R2) [Atrasada] | influenza trivalente (D1) [Atrasada] | influenza trivalente (D2) [Atrasada] | meningo ACWY (REF) [Atrasada] | meningo C (D1) [Atrasada] | meningo C (D2) [Atrasada] | meningo C (REF) [Atrasada] | penta (DTP/HB/Hib) (D1) [Atrasada] | penta (DTP/HB/Hib) (D2) [Atrasada] | penta (DTP/HB/Hib) (D3) [Atrasada] | pneumo 10 (D1) [Atrasada] | pneumo 10 (D2) [Atrasada] | pneumo 10 (REF) [Atrasada] | pneumo 10 (DU) [Atrasada] | Pneumo 20 (D1) [Atrasada] | Pneumo 20 (D2) [Atrasada] | Pneumo 20 (DU) [Atrasada] | Pneumo 20 (REF) [Atrasada] | rotavírus (D1) [Atrasada] | rotavírus (D2) [Atrasada] | tetraviral (DU) [Atrasada] | tríplice viral (D1) [Atrasada] | tríplice viral (D2) [Atrasada] | varicela (D1) [Atrasada] | varicela (D2) [Atrasada] | febre amarela (DU) [No prazo] | influenza trivalente (DU) [No prazo]
Crianca,MAITE EMANUELLY SILVA MARTINS,112.294.206-06,16 dias,2026-09-19,"Estrada Br 262, S/N, GRANJA VANELIA SIT. SAO RAFAEL, ZONA RURAL",3,BCG (DU) [Atrasada] | hepatite B (D) [Atrasada] | influenza trivalente (DU) [No prazo]
Crianca,MARIA BEATRIZ MARQUES DELFINO,008.977.896-01,2 anos e 4 meses e 1 dia,2024-06-04,"Rua Osvaldo Teixeira de Menezes, 50, CENTRO",5,meningo ACWY (REF) [Atrasada] | Pneumo 20 (DU) [Atrasada] | tetraviral (DU) [Atrasada] | influenza trivalente (DU) [No prazo] | pneumo 10 (DU) [No prazo]
Crianca,MARIA LUIZA MATTOS GUEDES DE AGUIAR,175.905.656-10,7 anos e 8 meses e 19 dias,2019-01-16,"Área Lagoinha, S/N, FAZENDA IMBIRIÇU, ZONA RURAL",7,febre amarela (D) [Atrasada] | hepatite B (D) [Atrasada] | meningo ACWY (REF) [Atrasada] | meningo C (REF) [Atrasada] | pneumo 10 (DU) [Atrasada] | Pneumo 20 (DU) [Atrasada] | tetraviral (DU) [Atrasada]
Crianca,MIGUEL PEREIRA MOTA,009.882.196-20,2 anos e 2 meses e 15 dias,2024-07-20,"Área Fazendas Variadas, S/N, FAZENDA DO ENGENHO, ZONA RURAL",6,meningo C (D2) [Atrasada] | meningo C (REF) [Atrasada] | Pneumo 20 (DU) [Atrasada] | tetraviral (DU) [Atrasada] | influenza trivalente (DU) [No prazo] | pneumo 10 (DU) [No prazo]
Crianca,NOAH HENRIQUE GOMES SILVA,010.288.106-52,2 anos e 1 mês e 14 dias,2024-08-21,"Rua Esmeralda, 228, CASA, BONFIM",33,BCG (DU) [Atrasada] | DTP (R1) [Atrasada] | febre amarela (D) [Atrasada] | hepatite A infantil (DU) [Atrasada] | hepatite B (D) [Atrasada] | inativada poliomielite (D1) [Atrasada] | inativada poliomielite (D2) [Atrasada] | inativada poliomielite (D3) [Atrasada] | inativada poliomielite (R1) [Atrasada] | influenza trivalente (D1) [Atrasada] | influenza trivalente (D2) [Atrasada] | meningo ACWY (REF) [Atrasada] | meningo C (D1) [Atrasada] | meningo C (D2) [Atrasada] | meningo C (REF) [Atrasada] | penta (DTP/HB/Hib) (D1) [Atrasada] | penta (DTP/HB/Hib) (D2) [Atrasada] | penta (DTP/HB/Hib) (D3) [Atrasada] | pneumo 10 (D1) [Atrasada] | pneumo 10 (D2) [Atrasada] | pneumo 10 (REF) [Atrasada] | Pneumo 20 (D1) [Atrasada] | Pneumo 20 (D2) [Atrasada] | Pneumo 20 (DU) [Atrasada] | rotavírus (D1) [Atrasada] | rotavírus (D2) [Atrasada] | tetraviral (DU) [Atrasada] | tríplice viral (D1) [Atrasada] | tríplice viral (D2) [Atrasada] | varicela (D1) [Atrasada] | influenza trivalente (DU) [No prazo] | pneumo 10 (DU) [No prazo] | Pneumo 20 (REF) [No prazo]
Crianca,OLIVIA ALEXANDRA GOMES DE ALMEIDA MATTOS,190.340.926-82,4 anos e 10 meses e 3 dias,2021-12-02,"Área Moinhos, S/N, APOS IGREJA, ZONA RURAL",35,BCG (DU) [Atrasada] | DTP (R1) [Atrasada] | febre amarela (D) [Atrasada] | hepatite A infantil (DU) [Atrasada] | hepatite B (D) [Atrasada] | inativada poliomielite (D1) [Atrasada] | inativada poliomielite (D2) [Atrasada] | inativada poliomielite (D3) [Atrasada] | inativada poliomielite (R1) [Atrasada] | influenza trivalente (D1) [Atrasada] | influenza trivalente (D2) [Atrasada] | meningo ACWY (REF) [Atrasada] | meningo C (D1) [Atrasada] | meningo C (D2) [Atrasada] | meningo C (REF) [Atrasada] | penta (DTP/HB/Hib) (D1) [Atrasada] | penta (DTP/HB/Hib) (D2) [Atrasada] | penta (DTP/HB/Hib) (D3) [Atrasada] | pneumo 10 (D1) [Atrasada] | pneumo 10 (D2) [Atrasada] | pneumo 10 (REF) [Atrasada] | Pneumo 20 (D1) [Atrasada] | Pneumo 20 (D2) [Atrasada] | Pneumo 20 (DU) [Atrasada] | Pneumo 20 (REF) [Atrasada] | rotavírus (D1) [Atrasada] | rotavírus (D2) [Atrasada] | tetraviral (DU) [Atrasada] | tríplice viral (D1) [Atrasada] | tríplice viral (D2) [Atrasada] | varicela (D1) [Atrasada] | febre amarela (REF) [No prazo] | influenza trivalente (DU) [No prazo] | pneumo 10 (DU) [No prazo] | varicela (D2) [No prazo]
Crianca,PEDRO HENRIQUE DE JESUS DA ROCHA,171.518.086-07,8 anos e 3 meses e 11 dias,2018-06-24,"1ª Rua Lagoinha, 250, CASA BAHIANO, ZONA RURAL",8,febre amarela (D) [Atrasada] | influenza trivalente (D1) [Atrasada] | influenza trivalente (D2) [Atrasada] | meningo ACWY (REF) [Atrasada] | pneumo 10 (DU) [Atrasada] | Pneumo 20 (DU) [Atrasada] | tetraviral (DU) [Atrasada] | influenza trivalente (DU) [No prazo]
Crianca,PEDRO LUCAS RODRIGUES,164.837.756-44,9 anos e 26 dias,2017-09-09,"4ª Rua Lagoinha, 34, CASA, ZONA RURAL",31,BCG (DU) [Atrasada] | febre amarela (D) [Atrasada] | hepatite B (D) [Atrasada] | inativada poliomielite (D1) [Atrasada] | inativada poliomielite (D2) [Atrasada] | inativada poliomielite (D3) [Atrasada] | influenza trivalente (D1) [Atrasada] | influenza trivalente (D2) [Atrasada] | meningo ACWY (REF) [Atrasada] | meningo C (D1) [Atrasada] | meningo C (D2) [Atrasada] | meningo C (REF) [Atrasada] | penta (DTP/HB/Hib) (D1) [Atrasada] | penta (DTP/HB/Hib) (D2) [Atrasada] | penta (DTP/HB/Hib) (D3) [Atrasada] | pneumo 10 (D1) [Atrasada] | pneumo 10 (D2) [Atrasada] | pneumo 10 (REF) [Atrasada] | pneumo 10 (DU) [Atrasada] | Pneumo 20 (D1) [Atrasada] | Pneumo 20 (D2) [Atrasada] | Pneumo 20 (DU) [Atrasada] | Pneumo 20 (REF) [Atrasada] | rotavírus (D1) [Atrasada] | rotavírus (D2) [Atrasada] | tetraviral (DU) [Atrasada] | tríplice viral (D1) [Atrasada] | tríplice viral (D2) [Atrasada] | varicela (D1) [Atrasada] | febre amarela (DU) [No prazo] | HPV quadrivalente (DU) [No prazo]
Crianca,RAVY EMANUELL RODRIGUES SANTOS,073.561.106-87,8 meses e 23 dias,2026-01-12,"Área Venancios, S/N, FAZENDA MURO DE PEDRA, ZONA RURAL",3,influenza trivalente (D2) [Atrasada] | meningo C (D2) [Atrasada] | influenza trivalente (DU) [No prazo]
Crianca,RAYSSA EMANUELLY MARQUES DELFINO,187.198.456-42,5 anos e 7 meses e 17 dias,2021-02-18,"Rua Osvaldo Teixeira de Menezes, 50, CENTRO",7,inativada poliomielite (R2) [Atrasada] | influenza trivalente (D1) [Atrasada] | influenza trivalente (D2) [Atrasada] | meningo ACWY (REF) [Atrasada] | pneumo 10 (DU) [Atrasada] | Pneumo 20 (DU) [Atrasada] | febre amarela (DU) [No prazo]
Crianca,SOFIA PEREIRA DA SILVA MOTA GOMES,194.313.126-03,3 anos e 8 meses e 18 dias,2023-01-17,"Rua 7 de Setembro, 153, CENTRO",7,hepatite A infantil (DU) [Atrasada] | influenza trivalente (D1) [Atrasada] | influenza trivalente (D2) [Atrasada] | meningo ACWY (REF) [Atrasada] | Pneumo 20 (DU) [Atrasada] | tetraviral (DU) [Atrasada] | pneumo 10 (DU) [No prazo]
Crianca,SOFIA RODRIGUES,164.837.546-47,9 anos e 26 dias,2017-09-09,"4ª Rua Lagoinha, 34, CASA, ZONA RURAL",31,BCG (DU) [Atrasada] | febre amarela (D) [Atrasada] | hepatite B (D) [Atrasada] | inativada poliomielite (D1) [Atrasada] | inativada poliomielite (D2) [Atrasada] | inativada poliomielite (D3) [Atrasada] | influenza trivalente (D1) [Atrasada] | influenza trivalente (D2) [Atrasada] | meningo ACWY (REF) [Atrasada] | meningo C (D1) [Atrasada] | meningo C (D2) [Atrasada] | meningo C (REF) [Atrasada] | penta (DTP/HB/Hib) (D1) [Atrasada] | penta (DTP/HB/Hib) (D2) [Atrasada] | penta (DTP/HB/Hib) (D3) [Atrasada] | pneumo 10 (D1) [Atrasada] | pneumo 10 (D2) [Atrasada] | pneumo 10 (REF) [Atrasada] | pneumo 10 (DU) [Atrasada] | Pneumo 20 (D1) [Atrasada] | Pneumo 20 (D2) [Atrasada] | Pneumo 20 (DU) [Atrasada] | Pneumo 20 (REF) [Atrasada] | rotavírus (D1) [Atrasada] | rotavírus (D2) [Atrasada] | tetraviral (DU) [Atrasada] | tríplice viral (D1) [Atrasada] | tríplice viral (D2) [Atrasada] | varicela (D1) [Atrasada] | febre amarela (DU) [No prazo] | HPV quadrivalente (DU) [No prazo]
Crianca,SOPHIA ISABELLY RODRIGUES DA SILVA,168.648.096-25,9 anos e 8 meses e 23 dias,2017-01-12,"Área Venancios, S/N, FAZENDA MURO DE PEDRA, ZONA RURAL",32,BCG (DU) [Atrasada] | DTP (R1) [Atrasada] | febre amarela (D) [Atrasada] | hepatite A infantil (DU) [Atrasada] | hepatite B (D) [Atrasada] | inativada poliomielite (D1) [Atrasada] | inativada poliomielite (D2) [Atrasada] | inativada poliomielite (D3) [Atrasada] | influenza trivalente (D1) [Atrasada] | influenza trivalente (D2) [Atrasada] | meningo ACWY (REF) [Atrasada] | meningo C (D1) [Atrasada] | meningo C (D2) [Atrasada] | meningo C (REF) [Atrasada] | penta (DTP/HB/Hib) (D1) [Atrasada] | penta (DTP/HB/Hib) (D2) [Atrasada] | penta (DTP/HB/Hib) (D3) [Atrasada] | pneumo 10 (D1) [Atrasada] | pneumo 10 (D2) [Atrasada] | pneumo 10 (REF) [Atrasada] | pneumo 10 (DU) [Atrasada] | Pneumo 20 (D1) [Atrasada] | Pneumo 20 (D2) [Atrasada] | Pneumo 20 (DU) [Atrasada] | Pneumo 20 (REF) [Atrasada] | rotavírus (D1) [Atrasada] | rotavírus (D2) [Atrasada] | tetraviral (DU) [Atrasada] | tríplice viral (D1) [Atrasada] | tríplice viral (D2) [Atrasada] | varicela (D1) [Atrasada] | febre amarela (DU) [No prazo]
Crianca,THAYLA ALVES DE ALMEIDA,581.252.188-31,6 anos e 8 meses e 20 dias,2020-01-15,"2ª Rua Lagoinha, 94, CASA, ZONA RURAL",7,influenza trivalente (D1) [Atrasada] | influenza trivalente (D2) [Atrasada] | meningo ACWY (REF) [Atrasada] | pneumo 10 (DU) [Atrasada] | Pneumo 20 (DU) [Atrasada] | tetraviral (DU) [Atrasada] | febre amarela (DU) [No prazo]
Crianca,THEO MENDES LACERDA,163.960.176-79,9 anos e 3 meses e 1 dia,2017-07-04,"Rua Primeiro de Janeiro, 119, CASA, CENTRO",29,BCG (DU) [Atrasada] | febre amarela (D) [Atrasada] | hepatite B (D) [Atrasada] | inativada poliomielite (D1) [Atrasada] | inativada poliomielite (D2) [Atrasada] | inativada poliomielite (D3) [Atrasada] | influenza trivalente (D1) [Atrasada] | influenza trivalente (D2) [Atrasada] | meningo ACWY (REF) [Atrasada] | meningo C (D1) [Atrasada] | meningo C (D2) [Atrasada] | meningo C (REF) [Atrasada] | penta (DTP/HB/Hib) (D1) [Atrasada] | penta (DTP/HB/Hib) (D2) [Atrasada] | penta (DTP/HB/Hib) (D3) [Atrasada] | pneumo 10 (D1) [Atrasada] | pneumo 10 (D2) [Atrasada] | pneumo 10 (REF) [Atrasada] | pneumo 10 (DU) [Atrasada] | Pneumo 20 (D1) [Atrasada] | Pneumo 20 (D2) [Atrasada] | Pneumo 20 (DU) [Atrasada] | Pneumo 20 (REF) [Atrasada] | rotavírus (D1) [Atrasada] | rotavírus (D2) [Atrasada] | tetraviral (DU) [Atrasada] | tríplice viral (D2) [Atrasada] | febre amarela (DU) [No prazo] | influenza trivalente (DU) [No prazo]
Crianca,VALENTINA EMANUELLY RODRIGUES DA SILVA,187.452.496-36,5 anos e 6 meses e 19 dias,2021-03-16,"Área Venancios, S/N, FAZENDA MURO DE PEDRA, ZONA RURAL",11,BCG (DU) [Atrasada] | hepatite B (D) [Atrasada] | inativada poliomielite (R2) [Atrasada] | influenza trivalente (D1) [Atrasada] | influenza trivalente (D2) [Atrasada] | meningo ACWY (REF) [Atrasada] | pneumo 10 (DU) [Atrasada] | Pneumo 20 (DU) [Atrasada] | tríplice viral (D2) [Atrasada] | febre amarela (DU) [No prazo] | influenza trivalente (DU) [No prazo]
Crianca,ALICE OLIVEIRA GARCIA,099.803.266-20,3 meses e 11 dias,2026-06-24,"Rua das Dores, 68, CASA, BONFIM",2,influenza trivalente (DU) [No prazo] | meningo C (D1) [No prazo]
Crianca,ANTONIO HENRIQUE BARBOSA SANTOS,106.827.246-53,1 mês e 28 dias,2026-08-07,"Rua das Dores, 100, CASA, BONFIM",1,influenza trivalente (DU) [No prazo]
Crianca,HELLENA VITORIA DA SILVA,090.490.706-63,5 meses e 10 dias,2026-04-25,"Praça Jk, 393, CASA 04, CENTRO",2,influenza trivalente (DU) [No prazo] | meningo C (D2) [No prazo]
Crianca,MARIA YSIS FERREIRA RODRIGUES SILVA,085.913.426-15,6 meses e 15 dias,2026-03-20,"Estrada Br 262, S/N, CASA MADEIRA, ZONA RURAL",1,influenza trivalente (DU) [No prazo]
Adolescente,ALEXANDRE CALEBE GOMES DE ALMEIDA MATTOS,181.240.696-70,11 anos e 5 meses e 18 dias,2015-04-17,"Área Moinhos, S/N, APOS IGREJA, ZONA RURAL",14,febre amarela (REF) [Atrasada] | difteria e tétano adulto (D1) [No prazo] | difteria e tétano adulto (D2) [No prazo] | difteria e tétano adulto (D3) [No prazo] | difteria e tétano adulto (REF) [No prazo] | febre amarela (DU) [No prazo] | hepatite B (D1) [No prazo] | hepatite B (D2) [No prazo] | hepatite B (D3) [No prazo] | HPV quadrivalente (DU) [No prazo] | meningo ACWY (D) [No prazo] | meningo ACWY (REF) [No prazo] | tríplice viral (D1) [No prazo] | tríplice viral (D2) [No prazo]
Adolescente,ARTHUR MATTOS SOUZA RIBEIRO,898004602014633,11 anos e 7 meses e 23 dias,2015-02-12,"Área Lagoinha, S/N, FAZENDA IMBIRIÇU, ZONA RURAL",11,febre amarela (REF) [Atrasada] | difteria e tétano adulto (D1) [No prazo] | difteria e tétano adulto (D2) [No prazo] | difteria e tétano adulto (D3) [No prazo] | difteria e tétano adulto (REF) [No prazo] | febre amarela (DU) [No prazo] | hepatite B (D1) [No prazo] | hepatite B (D2) [No prazo] | hepatite B (D3) [No prazo] | meningo ACWY (D) [No prazo] | meningo ACWY (REF) [No prazo]
Adolescente,CAROLINA PEREIRA DIAS,183.530.926-70,11 anos e 4 meses e 3 dias,2015-06-02,"Fazenda Porto da Ripa, S/N, FAZENDA PORTO DA RIPA, ZONA RURAL",13,febre amarela (REF) [Atrasada] | difteria e tétano adulto (D1) [No prazo] | difteria e tétano adulto (D2) [No prazo] | difteria e tétano adulto (D3) [No prazo] | difteria e tétano adulto (REF) [No prazo] | febre amarela (DU) [No prazo] | hepatite B (D1) [No prazo] | hepatite B (D2) [No prazo] | hepatite B (D3) [No prazo] | meningo ACWY (D) [No prazo] | meningo ACWY (REF) [No prazo] | tríplice viral (D1) [No prazo] | tríplice viral (D2) [No prazo]
Adolescente,EMILLY PEREIRA DIAS,168.925.116-60,10 anos e 5 meses e 15 dias,2016-04-20,"Área Moinhos, S/N, ANTES INEAR - GRANJA FERREIRA, ZONA RURAL",12,febre amarela (REF) [Atrasada] | difteria e tétano adulto (D1) [No prazo] | difteria e tétano adulto (D2) [No prazo] | difteria e tétano adulto (D3) [No prazo] | difteria e tétano adulto (REF) [No prazo] | febre amarela (DU) [No prazo] | hepatite B (D1) [No prazo] | hepatite B (D2) [No prazo] | hepatite B (D3) [No prazo] | HPV quadrivalente (DU) [No prazo] | tríplice viral (D1) [No prazo] | tríplice viral (D2) [No prazo]
Adolescente,GABRIEL MATTOS SOUZA RIBEIRO,898005120506722,10 anos e 5 meses e 20 dias,2016-04-15,"Área Lagoinha, S/N, FAZENDA IMBIRIÇU, ZONA RURAL",12,febre amarela (REF) [Atrasada] | difteria e tétano adulto (D1) [No prazo] | difteria e tétano adulto (D2) [No prazo] | difteria e tétano adulto (D3) [No prazo] | difteria e tétano adulto (REF) [No prazo] | febre amarela (DU) [No prazo] | hepatite B (D1) [No prazo] | hepatite B (D2) [No prazo] | hepatite B (D3) [No prazo] | HPV quadrivalente (DU) [No prazo] | tríplice viral (D1) [No prazo] | tríplice viral (D2) [No prazo]
Adolescente,JOAO MIGUEL REIS PEREIRA,173.579.406-67,12 anos e 1 mês e 15 dias,2014-08-20,"Área Moinhos, S/N, FAZENDA DO WALTER, ZONA RURAL",14,febre amarela (REF) [Atrasada] | difteria e tétano adulto (D1) [No prazo] | difteria e tétano adulto (D2) [No prazo] | difteria e tétano adulto (D3) [No prazo] | difteria e tétano adulto (REF) [No prazo] | febre amarela (DU) [No prazo] | hepatite B (D1) [No prazo] | hepatite B (D2) [No prazo] | hepatite B (D3) [No prazo] | HPV quadrivalente (DU) [No prazo] | meningo ACWY (D) [No prazo] | meningo ACWY (REF) [No prazo] | tríplice viral (D1) [No prazo] | tríplice viral (D2) [No prazo]
Adolescente,JOSE MARIO CASTRO,165.634.166-24,10 anos e 3 meses e 19 dias,2016-06-16,"Fazenda Porto da Ripa, S/N, FAZENDA PORTO DA RIPA, ZONA RURAL",12,febre amarela (REF) [Atrasada] | difteria e tétano adulto (D1) [No prazo] | difteria e tétano adulto (D2) [No prazo] | difteria e tétano adulto (D3) [No prazo] | difteria e tétano adulto (REF) [No prazo] | febre amarela (DU) [No prazo] | hepatite B (D1) [No prazo] | hepatite B (D2) [No prazo] | hepatite B (D3) [No prazo] | HPV quadrivalente (DU) [No prazo] | tríplice viral (D1) [No prazo] | tríplice viral (D2) [No prazo]
Adolescente,LUIS OTAVIO GONCALVES PARREIRA,156.309.256-52,10 anos e 4 meses e 1 dia,2016-06-04,"Rua Osvaldo Teixeira de Menezes, 30, CASA, CENTRO",12,febre amarela (REF) [Atrasada] | difteria e tétano adulto (D1) [No prazo] | difteria e tétano adulto (D2) [No prazo] | difteria e tétano adulto (D3) [No prazo] | difteria e tétano adulto (REF) [No prazo] | febre amarela (DU) [No prazo] | hepatite B (D1) [No prazo] | hepatite B (D2) [No prazo] | hepatite B (D3) [No prazo] | HPV quadrivalente (DU) [No prazo] | tríplice viral (D1) [No prazo] | tríplice viral (D2) [No prazo]
Adolescente,MIGUEL RODRIGUES DE OLIVEIRA,186.752.727-82,11 anos e 5 meses e 19 dias,2015-04-16,"Área Maias, S/N, FAZENDA SOL NASCENTE #3, ZONA RURAL",13,febre amarela (REF) [Atrasada] | difteria e tétano adulto (D1) [No prazo] | difteria e tétano adulto (D2) [No prazo] | difteria e tétano adulto (D3) [No prazo] | difteria e tétano adulto (REF) [No prazo] | febre amarela (DU) [No prazo] | hepatite B (D1) [No prazo] | hepatite B (D2) [No prazo] | hepatite B (D3) [No prazo] | meningo ACWY (D) [No prazo] | meningo ACWY (REF) [No prazo] | tríplice viral (D1) [No prazo] | tríplice viral (D2) [No prazo]
Adolescente,RHYAN ANGEL FLORENTINO SILVA,163.328.876-56,12 anos e 11 dias,2014-09-24,"Área Venancios, S/N, ZONA RURAL",11,febre amarela (REF) [Atrasada] | difteria e tétano adulto (D1) [No prazo] | difteria e tétano adulto (D2) [No prazo] | difteria e tétano adulto (D3) [No prazo] | difteria e tétano adulto (REF) [No prazo] | hepatite B (D1) [No prazo] | hepatite B (D2) [No prazo] | hepatite B (D3) [No prazo] | HPV quadrivalente (DU) [No prazo] | meningo ACWY (D) [No prazo] | meningo ACWY (REF) [No prazo]
Adolescente,SARA DE MIRANDA ALMEIDA,190.616.206-94,12 anos e 4 meses e 29 dias,2014-05-06,"Rua Primeiro de Janeiro, 40, APARTAMENTO 501, CENTRO",14,febre amarela (REF) [Atrasada] | difteria e tétano adulto (D1) [No prazo] | difteria e tétano adulto (D2) [No prazo] | difteria e tétano adulto (D3) [No prazo] | difteria e tétano adulto (REF) [No prazo] | febre amarela (DU) [No prazo] | hepatite B (D1) [No prazo] | hepatite B (D2) [No prazo] | hepatite B (D3) [No prazo] | HPV quadrivalente (DU) [No prazo] | meningo ACWY (D) [No prazo] | meningo ACWY (REF) [No prazo] | tríplice viral (D1) [No prazo] | tríplice viral (D2) [No prazo]
Adolescente,THAIS PEREIRA LELLIS,705.558.386-17,12 anos e 4 dias,2014-10-01,"Área Maias, S/N, FAZENDA SOL NASCENTE, ZONA RURAL",13,febre amarela (REF) [Atrasada] | difteria e tétano adulto (D1) [No prazo] | difteria e tétano adulto (D2) [No prazo] | difteria e tétano adulto (D3) [No prazo] | difteria e tétano adulto (REF) [No prazo] | febre amarela (DU) [No prazo] | hepatite B (D1) [No prazo] | hepatite B (D2) [No prazo] | hepatite B (D3) [No prazo] | HPV quadrivalente (DU) [No prazo] | meningo ACWY (REF) [No prazo] | tríplice viral (D1) [No prazo] | tríplice viral (D2) [No prazo]
Adolescente,THALES GABRIEL MEIRELES ROCHA,180.629.286-67,11 anos e 9 meses e 5 dias,2014-12-30,"3ª Rua Lagoinha, 28, 3ª CASA, ZONA RURAL",14,febre amarela (REF) [Atrasada] | difteria e tétano adulto (D1) [No prazo] | difteria e tétano adulto (D2) [No prazo] | difteria e tétano adulto (D3) [No prazo] | difteria e tétano adulto (REF) [No prazo] | febre amarela (DU) [No prazo] | hepatite B (D1) [No prazo] | hepatite B (D2) [No prazo] | hepatite B (D3) [No prazo] | HPV quadrivalente (DU) [No prazo] | meningo ACWY (D) [No prazo] | meningo ACWY (REF) [No prazo] | tríplice viral (D1) [No prazo] | tríplice viral (D2) [No prazo]
Adolescente,THALES RAFAEL DE ALMEIDA,164.238.926-95,12 anos e 1 mês e 7 dias,2014-08-28,"2ª Rua Lagoinha, 94, CASA, ZONA RURAL",10,febre amarela (REF) [Atrasada] | difteria e tétano adulto (D1) [No prazo] | difteria e tétano adulto (D2) [No prazo] | difteria e tétano adulto (D3) [No prazo] | difteria e tétano adulto (REF) [No prazo] | febre amarela (DU) [No prazo] | hepatite B (D1) [No prazo] | hepatite B (D2) [No prazo] | hepatite B (D3) [No prazo] | meningo ACWY (REF) [No prazo]
Adolescente,YASMIM GABRIELLE DOS SANTOS PEIXOTO,175.527.606-05,13 anos e 1 mês e 11 dias,2013-08-24,"Rua Esmeralda, 247, CASA, BONFIM",12,febre amarela (REF) [Atrasada] | difteria e tétano adulto (D1) [No prazo] | difteria e tétano adulto (D2) [No prazo] | difteria e tétano adulto (D3) [No prazo] | difteria e tétano adulto (REF) [No prazo] | febre amarela (DU) [No prazo] | hepatite B (D1) [No prazo] | hepatite B (D2) [No prazo] | hepatite B (D3) [No prazo] | meningo ACWY (D) [No prazo] | tríplice viral (D1) [No prazo] | tríplice viral (D2) [No prazo]
Adolescente,YASMIN SOPHIA APARECIDA FERREIRA SILVA,701.443.826-36,11 anos e 4 meses e 19 dias,2015-05-16,"Praça Jk, 393, CASA 07, CENTRO",14,febre amarela (REF) [Atrasada] | difteria e tétano adulto (D1) [No prazo] | difteria e tétano adulto (D2) [No prazo] | difteria e tétano adulto (D3) [No prazo] | difteria e tétano adulto (REF) [No prazo] | febre amarela (DU) [No prazo] | hepatite B (D1) [No prazo] | hepatite B (D2) [No prazo] | hepatite B (D3) [No prazo] | HPV quadrivalente (DU) [No prazo] | meningo ACWY (D) [No prazo] | meningo ACWY (REF) [No prazo] | tríplice viral (D1) [No prazo] | tríplice viral (D2) [No prazo]
Adolescente,YNGRID GABRIELA FERREIRA SILVA,171.114.776-18,12 anos e 11 meses e 10 dias,2013-10-25,"Estrada Br 262, S/N, CASA MADEIRA, ZONA RURAL",12,febre amarela (REF) [Atrasada] | difteria e tétano adulto (D1) [No prazo] | difteria e tétano adulto (D2) [No prazo] | difteria e tétano adulto (D3) [No prazo] | difteria e tétano adulto (REF) [No prazo] | febre amarela (DU) [No prazo] | hepatite B (D1) [No prazo] | hepatite B (D2) [No prazo] | hepatite B (D3) [No prazo] | meningo ACWY (REF) [No prazo] | tríplice viral (D1) [No prazo] | tríplice viral (D2) [No prazo]
Adolescente,ISAAC GABRIEL SILVA VIANA,169.571.446-66,11 anos e 11 meses,2014-11-05,"Rua Esmeralda, 208, BONFIM",11,difteria e tétano adulto (D1) [No prazo] | difteria e tétano adulto (D2) [No prazo] | difteria e tétano adulto (D3) [No prazo] | difteria e tétano adulto (REF) [No prazo] | febre amarela (DU) [No prazo] | hepatite B (D1) [No prazo] | hepatite B (D2) [No prazo] | hepatite B (D3) [No prazo] | meningo ACWY (D) [No prazo] | tríplice viral (D1) [No prazo] | tríplice viral (D2) [No prazo]
Adolescente,JAMILY FERNANDES DA SILVA,181.307.216-78,10 anos e 7 meses,2016-03-05,"Área Maias, S/N, FAZENDA CAMPEIRO, ZONA RURAL",10,difteria e tétano adulto (D1) [No prazo] | difteria e tétano adulto (D2) [No prazo] | difteria e tétano adulto (D3) [No prazo] | difteria e tétano adulto (REF) [No prazo] | febre amarela (DU) [No prazo] | hepatite B (D1) [No prazo] | hepatite B (D2) [No prazo] | hepatite B (D3) [No prazo] | tríplice viral (D1) [No prazo] | tríplice viral (D2) [No prazo]
Adolescente,JOAO MIGUEL ALEIXO DA SILVA,174.473.276-03,10 anos e 4 meses e 2 dias,2016-06-03,"Rua Primeiro de Janeiro, 127, CENTRO",10,difteria e tétano adulto (D1) [No prazo] | difteria e tétano adulto (D2) [No prazo] | difteria e tétano adulto (D3) [No prazo] | difteria e tétano adulto (REF) [No prazo] | febre amarela (DU) [No prazo] | hepatite B (D1) [No prazo] | hepatite B (D2) [No prazo] | hepatite B (D3) [No prazo] | tríplice viral (D1) [No prazo] | tríplice viral (D2) [No prazo]
Adolescente,JOSE AUGUSTO BORGES DE QUEIROZ,159.688.596-36,10 anos e 7 meses e 19 dias,2016-02-16,"Área Moinhos, S/N, CONDOMINIO, ZONA RURAL",10,difteria e tétano adulto (D1) [No prazo] | difteria e tétano adulto (D2) [No prazo] | difteria e tétano adulto (D3) [No prazo] | difteria e tétano adulto (REF) [No prazo] | febre amarela (DU) [No prazo] | hepatite B (D1) [No prazo] | hepatite B (D2) [No prazo] | hepatite B (D3) [No prazo] | tríplice viral (D1) [No prazo] | tríplice viral (D2) [No prazo]
Adolescente,MAGNO VINICIUS RESENDE FREITAS,180.736.996-05,13 anos e 6 dias,2013-09-29,"2ª Rua Lagoinha, 95, CASA, ZONA RURAL",9,difteria e tétano adulto (D1) [No prazo] | difteria e tétano adulto (D2) [No prazo] | difteria e tétano adulto (D3) [No prazo] | difteria e tétano adulto (REF) [No prazo] | febre amarela (DU) [No prazo] | hepatite B (D1) [No prazo] | hepatite B (D2) [No prazo] | hepatite B (D3) [No prazo] | meningo ACWY (REF) [No prazo]
Adolescente,MARIANA DOS ANJOS DA SILVA SANTOS,170.920.626-83,10 anos e 7 meses e 27 dias,2016-02-08,"Área Jacaré, S/N, FAZENDA BOA ESPERANCA, ZONA RURAL",8,difteria e tétano adulto (D1) [No prazo] | difteria e tétano adulto (D2) [No prazo] | difteria e tétano adulto (D3) [No prazo] | difteria e tétano adulto (REF) [No prazo] | febre amarela (DU) [No prazo] | hepatite B (D1) [No prazo] | hepatite B (D2) [No prazo] | hepatite B (D3) [No prazo]
Adolescente,PEDRO MIGUEL OLIVEIRA GARCIA,178.080.866-65,10 anos e 10 meses e 18 dias,2015-11-17,"Rua das Dores, 68, CASA, BONFIM",11,difteria e tétano adulto (D1) [No prazo] | difteria e tétano adulto (D2) [No prazo] | difteria e tétano adulto (D3) [No prazo] | difteria e tétano adulto (REF) [No prazo] | febre amarela (DU) [No prazo] | hepatite B (D1) [No prazo] | hepatite B (D2) [No prazo] | hepatite B (D3) [No prazo] | HPV quadrivalente (DU) [No prazo] | tríplice viral (D1) [No prazo] | tríplice viral (D2) [No prazo]
Fora da faixa (>13),AYLA VICTORIA VIANA ANDRADE AZEVEDO,700.695.256-50,13 anos e 3 meses e 20 dias,2013-06-15,"Área Jacaré, S/N, FAZENDA TEMPESTADE, ZONA RURAL",12,febre amarela (REF) [Atrasada] | difteria e tétano adulto (D1) [No prazo] | difteria e tétano adulto (D2) [No prazo] | difteria e tétano adulto (D3) [No prazo] | difteria e tétano adulto (REF) [No prazo] | febre amarela (DU) [No prazo] | hepatite B (D1) [No prazo] | hepatite B (D2) [No prazo] | hepatite B (D3) [No prazo] | meningo ACWY (REF) [No prazo] | tríplice viral (D1) [No prazo] | tríplice viral (D2) [No prazo]
Fora da faixa (>13),JOAO GABRIEL SILVA ABRANTE,164.023.286-93,13 anos e 5 meses e 2 dias,2013-05-03,"Área Estacao, S/N, FAZENDA PONTE NOVA 2, ZONA RURAL",14,febre amarela (REF) [Atrasada] | difteria e tétano adulto (D1) [No prazo] | difteria e tétano adulto (D2) [No prazo] | difteria e tétano adulto (D3) [No prazo] | difteria e tétano adulto (REF) [No prazo] | febre amarela (DU) [No prazo] | hepatite B (D1) [No prazo] | hepatite B (D2) [No prazo] | hepatite B (D3) [No prazo] | HPV quadrivalente (DU) [No prazo] | meningo ACWY (D) [No prazo] | meningo ACWY (REF) [No prazo] | tríplice viral (D1) [No prazo] | tríplice viral (D2) [No prazo]
Fora da faixa (>13),KAUAN GABRIEL SANTOS SOARES,174.828.336-76,13 anos e 6 meses e 20 dias,2013-03-15,"1ª Rua Lagoinha, 547, CASA, ZONA RURAL",11,febre amarela (REF) [Atrasada] | difteria e tétano adulto (D1) [No prazo] | difteria e tétano adulto (D2) [No prazo] | difteria e tétano adulto (D3) [No prazo] | febre amarela (DU) [No prazo] | hepatite B (D1) [No prazo] | hepatite B (D2) [No prazo] | hepatite B (D3) [No prazo] | meningo ACWY (REF) [No prazo] | tríplice viral (D1) [No prazo] | tríplice viral (D2) [No prazo]
Fora da faixa (>13),KAYK EDUARDO RODRIGUES PEREIRA,147.105.856-52,13 anos e 5 meses e 19 dias,2013-04-16,"Área Curral, S/N, FAZENDA J3, ZONA RURAL",12,febre amarela (REF) [Atrasada] | difteria e tétano adulto (D1) [No prazo] | difteria e tétano adulto (D2) [No prazo] | difteria e tétano adulto (D3) [No prazo] | difteria e tétano adulto (REF) [No prazo] | febre amarela (DU) [No prazo] | hepatite B (D1) [No prazo] | hepatite B (D2) [No prazo] | hepatite B (D3) [No prazo] | meningo ACWY (REF) [No prazo] | tríplice viral (D1) [No prazo] | tríplice viral (D2) [No prazo]
Fora da faixa (>13),LUANA SOARES RIBEIRO,022.597.296-49,13 anos e 2 meses e 20 dias,2013-07-15,"Estrada Br 262, S/N, CASA, ZONA RURAL",14,febre amarela (REF) [Atrasada] | difteria e tétano adulto (D1) [No prazo] | difteria e tétano adulto (D2) [No prazo] | difteria e tétano adulto (D3) [No prazo] | difteria e tétano adulto (REF) [No prazo] | febre amarela (DU) [No prazo] | hepatite B (D1) [No prazo] | hepatite B (D2) [No prazo] | hepatite B (D3) [No prazo] | HPV quadrivalente (DU) [No prazo] | meningo ACWY (D) [No prazo] | meningo ACWY (REF) [No prazo] | tríplice viral (D1) [No prazo] | tríplice viral (D2) [No prazo]
Fora da faixa (>13),MARIA VITORIA LELIS SIMOES,141.983.866-09,13 anos e 10 meses e 24 dias,2012-11-11,"Praça Jk, 393, CASA 02, CENTRO",12,febre amarela (REF) [Atrasada] | difteria e tétano adulto (D1) [No prazo] | difteria e tétano adulto (D2) [No prazo] | difteria e tétano adulto (D3) [No prazo] | difteria e tétano adulto (REF) [No prazo] | febre amarela (DU) [No prazo] | hepatite B (D1) [No prazo] | hepatite B (D2) [No prazo] | hepatite B (D3) [No prazo] | meningo ACWY (REF) [No prazo] | tríplice viral (D1) [No prazo] | tríplice viral (D2) [No prazo]
Fora da faixa (>13),MIGUEL ANTONIO DE CARVALHO SILVA,157.038.646-31,13 anos e 2 meses e 24 dias,2013-07-11,"Rua Esmeralda, 212, CASA C, BONFIM",10,febre amarela (REF) [Atrasada] | difteria e tétano adulto (D1) [No prazo] | difteria e tétano adulto (D2) [No prazo] | difteria e tétano adulto (D3) [No prazo] | difteria e tétano adulto (REF) [No prazo] | febre amarela (DU) [No prazo] | hepatite B (D1) [No prazo] | hepatite B (D2) [No prazo] | hepatite B (D3) [No prazo] | meningo ACWY (REF) [No prazo]
